{"cameraMode":{"drawMode":0,"name":"Shaded","section":"Shading Mode"},"sceneLighting":true,"audioPlay":false,"sceneViewState":{"m_AlwaysRefresh":false,"showFog":true,"showSkybox":false,"showFlares":true,"showImageEffects":true,"showParticleSystems":true,"showVisualEffectGraphs":true,"m_FxEnabled":true},"in2DMode":false,"pivot":{"x":0.4000000059604645,"y":5.099999904632568,"z":0.4000000059604645},"rotation":{"x":-0.05753771588206291,"y":-0.14622828364372254,"z":-0.008535237982869149,"w":0.9875593781471252},"size":6.329171657562256,"orthographic":true}