{"cameraMode":{"drawMode":0,"name":"Shaded","section":"Shading Mode"},"sceneLighting":false,"audioPlay":false,"sceneViewState":{"m_AlwaysRefresh":false,"showFog":true,"showSkybox":false,"showFlares":true,"showImageEffects":true,"showParticleSystems":true,"showVisualEffectGraphs":true,"m_FxEnabled":true},"in2DMode":false,"pivot":{"x":4.822344779968262,"y":5.68798303604126,"z":4.835661888122559},"rotation":{"x":0.0062868911772966389,"y":0.9482862949371338,"z":-0.018775232136249543,"w":0.31688231229782107},"size":7.577361583709717,"orthographic":true}