{"cameraMode":{"drawMode":0,"name":"Shaded","section":"Shading Mode"},"sceneLighting":true,"audioPlay":false,"sceneViewState":{"m_AlwaysRefresh":false,"showFog":true,"showSkybox":false,"showFlares":true,"showImageEffects":true,"showParticleSystems":true,"showVisualEffectGraphs":true,"m_FxEnabled":true},"in2DMode":false,"pivot":{"x":0.39810413122177126,"y":0.052984774112701419,"z":0.3768979012966156},"rotation":{"x":0.03389464318752289,"y":0.8984689116477966,"z":-0.43201711773872378,"w":0.0704910010099411},"size":1.15440034866333,"orthographic":false}